id,name
3,지수가 자연수일 때의 지수법칙
4,거듭제곱근
10,거듭제곱근의 대소 비교
23,이등변삼각형의 밑각의 성질
24,이등변삼각형의 꼭지각의 이등분선의 성질
26,직각삼각형의 합동 조건
30,삼각형의 외접원과 외심
32,삼각형의 외심의 응용
77,수열의 수렴
78,제곱근
82,포물선의 방정식의 일반형
96,"포물선과 포물선의 초점, 준선, 축, 꼭짓점"
100,포물선의 방정식
105,유한집합
106,부분집합
107,서로 같은 집합
108,진부분집합
114,여집합과 차집합의 성질
116,거듭제곱
117,소인수분해를 이용하여 약수 구하기
121,정수
150,명제의 대우의 참과 거짓
153,"충분조건, 필요조건과 진리집합의 관계"
157,무한대
162,절댓값
163,유리수의 덧셈
164,유리수의 뺄셈
169,부호가 다른 두 수의 곱셈
175,발산
176,양의 무한대로 발산
177,음의 무한대로 발산
188,대응
190,함수
192,공약수와 최대공약수의 관계
194,정의역과 공역
197,서로 같은 함수
202,공배수와 최소공배수의 관계
204,함수의 그래프
217,항등함수
219,상수함수
223,"함수의 극한: 무한대에서의 발산"
224,우극한
225,좌극한
226,극한값의 존재
227,함수의 극한에 대한 성질
235,합성함수
244,역함수
246,역함수의 성질
248,역함수의 그래프
253,유리식
254,유리식의 성질
256,집합
258,분자와 분모의 차수 비교 및 식의 변형
278,유리함수의 정의와 기초
285,유리함수 기본형(y=k/x)의 그래프
287,유리함수 표준형(y=k/(x-p)+q)의 그래프
289,유리함수 일반형(y=(ax+b)/(cx+d))의 그래프
290,유리함수 일반형의 역함수 구하기
291,무리식의 정의와 계산
307,받아내림이 없는 세 자릿수 뺄셈
308,받아내림이 한 번 있는 세 자릿수 뺄셈
309,받아내림이 두 번 있는 세 자릿수 뺄셈
320,증분
331,선분
332,각
333,순열
337,"계승(팩토리얼, n!)의 계산"
339,직각삼각형
342,직사각형
343,조합
346,정사각형
348,조합을 이용하여 조 나누기
351,나눗셈
355,곱셈과 나눗셈의 관계
360,둘레 알아보기
363,뺄셈식을 이용하여 나눗셈식으로 나타내기
365,나눗셈의 몫을 곱셈식에서 구하기
371,나눗셈의 몫을 곱셈구구로 구하기
373,(몇십)과 (몇)의 곱셈
374,넓이 단위: 1제곱킬로미터(km^2)
375,미분가능
376,미분가능한 함수
391,지수함수의 최대와 최소
392,평행사변형의 밑변과 높이
393,평행사변형의 넓이
394,삼각형의 밑변과 높이
395,삼각형의 넓이
397,사다리꼴의 밑변과 높이
398,사다리꼴의 넓이
399,지수에 미지수가 있는 방정식과 지수함수의 관계
404,지수 또는 밑에 미지수가 있는 방정식의 풀이
405,올림이 없는 (몇십몇)과 (몇)의 곱셈
407,십의 자리 올림이 있는 (몇십몇)과 (몇)의 곱셈
408,지수에 미지수가 있는 부등식과 지수함수의 관계
409,일의 자리 올림이 있는 (몇십몇)과 (몇)의 곱셈
411,모든 자리 올림이 있는 (몇십몇)과 (몇)의 곱셈
413,지수 또는 밑에 미지수가 있는 부등식의 풀이
425,대분수와 대분수의 곱셈
426,분수의 곱셈을 계산하는 방법
427,도형의 합동
428,합동인 도형의 성질
429,몇 cm 몇 mm와 몇 mm로 나타내기
434,선대칭도형의 성질
435,선대칭도형 그리기
436,길이와 거리를 어림하기
437,"점대칭도형과 대칭의 중심, 대응점, 대응각, 대응변"
438,1초와 60초
439,시간의 덧셈과 뺄셈
440,점대칭도형의 성질
441,점대칭도형 그리기
443,"시간의 덧셈과 뺄셈 (받아 올림, 받아 내림이 있을 때)"
444,(1보다 작은 소수)와 (자연수)의 곱셈
445,(1보다 큰 소수)와 (자연수)의 곱셈
446,(자연수)와 (1보다 큰 소수)의 곱셈
447,똑같이 나누기
448,(자연수)와 (1보다 큰 소수)의 곱셈
449,소수와 소수의 곱셈 (1보다 작은 수끼리)
451,소수와 소수의 곱셈 (1보다 큰 수끼리)
452,분수
454,"소수에 1, 10, 100, 1000을 곱하는 규칙"
455,"자연수에 1, 0.1, 0.01, 0.001을 곱하는 규칙"
456,소수끼리의 곱셈에서 곱의 소수점 위치의 규칙
457,직육면체
458,"분수, 부분과 전체"
459,직육면체의 구성 요소
461,분모가 같은 분수의 크기 비교
463,정육면체
464,단위분수
465,단위분수의 크기 비교
466,정육면체의 특징
471,소수와 소수점
475,자연수와 소수로 이루어진 소수
481,소수의 크기 비교
486,로그함수의 최대와 최소
491,로그의 진수에 미지수가 있는 방정식과 로그함수의 관계
494,로그의 진수에 미지수가 있는 부등식과 로그함수의 관계
511,일반각을 호도법으로 나타내기
547,(몇십)과 (몇십)의 곱셈
549,(몇십몇)과 (몇십)의 곱셈
554,올림이 한 번 있는 두 자릿수 곱셈
559,올림이 여러 번 있는 두 자릿수 곱셈
574,곱셈의 활용
587,각기둥의 밑면과 옆면
588,각기둥의 이름
589,각기둥의 구성 요소
590,각기둥의 전개도
591,각기둥의 전개도 그리기
592,각뿔
593,각뿔의 밑면과 옆면
594,각뿔의 이름
595,각뿔의 구성 요소
596,소수의 나눗셈 (자연수의 나눗셈 활용)
598,소수의 나눗셈 (몫이 1보다 작은 경우)
599,소수의 나눗셈 (나누어떨어지지 않는 경우)
600,소수의 나눗셈 (0을 내려서 계산하기)
601,소수의 나눗셈 (몫의 소수 첫째 자리가 0인 경우)
602,자연수 나눗셈의 몫을 소수로 나타내기
603,반올림을 사용하여 몫 어림하기
605,변하는 두 양의 관계 알아보기
606,두 양의 크기 비교하기
609,비
610,비율
611,비율이 사용되는 경우 - 시간에 대한 거리의 비율 알아보기
612,백분율
614,백분율이 사용되는 경우 - 할인율을 백분율로 나타내기
615,그림그래프
616,띠그래프
617,띠그래프로 나타내기
618,원그래프
619,원그래프로 나타내기
623,직육면체의 부피
624,정육면체의 부피
625,부피 단위: 1세제곱미터(m^3)
626,세제곱미터(m^3)와 세제곱센티미터(cm^3)의 관계
627,직육면체의 겉넓이 
628,정육면체의 겉넓이
651,이차곡선
705,분모가 같은 분수의 나눗셈 (분자끼리 안 나누어질 때)
706,분모가 다른 분수의 나눗셈
707,자연수와 분수의 나눗셈
708,분수의 나눗셈을 곱셈으로 변환하기
709,분수와 분수의 나눗셈 기초
710,소수와 소수의 나눗셈 기초
711,소수의 나눗셈 (자릿수가 같은 경우)
712,소수의 나눗셈 (자릿수가 다른 경우)
713,자연수와 소수의 나눗셈
714,몫을 반올림하여 나타내기
770,나누어 주고 남는 양
811,합의 법칙
812,곱의 법칙
813,순열
814,조합
818,중복순열과 함수
837,독립시행의 확률
839,이산확률변수와 확률질량함수
841,이산확률변수 X의 기댓값(평균)
842,이산확률변수 X의 분산과 표준편차
843,"이산확률변수 aX+b의 평균, 분산, 표준편차"
844,이항분포
971,다항식과 다항식의 곱셈
972,곱셈 공식
974,곱셈 공식의 변형
975,인수
986,"이항분포의 평균, 분산, 표준편차"
987,큰수의 법칙
988,연속확률변수와 확률밀도함수
994,완전제곱식(a^2 +/- 2ab + b^2)의 인수분해
995,이차식(x^2+(a+b)x+ab)의 인수분해
996,이차식(acx^2+(ad+bc)x+bd)의 인수분해
1000,이차방정식
1001,두 수의 곱이 0이 되는 성질(AB=0)
1002,이차방정식의 중근
1009,제곱근을 이용한 이차방정식의 풀이
1010,완전제곱식을 이용한 이차방정식의 풀이
1011,이차방정식의 근의 공식; ax^2+bx+c=0
1014,정규분포 곡선의 성질
1015,표준정규분포
1016,표준정규분포표를 이용하여 확률을 구하는 방법
1106,삼각형의 내접원과 내심
1107,삼각형의 내심의 성질
1108,삼각형의 내심의 응용
1109,평행사변형
1110,평행사변형의 성질
1117,평행사변형이 직사각형이 되는 조건
1120,평행사변형이 마름모가 되는 조건
1137,등차수열의 합이 될 조건
1167,등비수열의 합을 알 때 일반항 쉽게 구하기
1180,닮음
1181,평면도형에서 닮음의 성질
1182,입체도형에서 닮음의 성질
1183,닮음비
1184,삼각형의 닮음 조건
1185,직각삼각형의 닮음
1199,$\sum $를 이용하여 수열의 합을 구하는 방법
1200,삼각형에서 평행선 사이의 선분의 길이의 비
1201,평행선 사이의 선분의 길이의 비
1202,사다리꼴에서 평행선 사이의 선분의 길이의 비
1203,평행선 사이의 선분의 길이의 비의 응용
1204,분수 꼴로 된 수열의 합
1210,함수의 극한에 대한 성질과 관련된 거짓 명제
1211,미분계수를 이용한 극한값의 계산
1212,함수가 미분가능하지 않은 경우
1218,함수의 그래프
1219,다항함수의 그래프의 개형과 극값을 가질 조건
1222,방정식의 실근의 개수
1224,모든 실수에 대하여 성립하는 부등식의 증명
1225,x>a에서 성립하는 부등식의 증명
1226,속도와 가속도
1227,시각에 대한 변화율
1248,이차함수
1249,이차함수 y=ax^2의 그래프의 성질
1250,이차함수 y=ax^2+q의 그래프의 성질
1251,이차함수 y=a(x-p)^2의 그래프의 성질
1252,이차함수 y=a(x-p)^2+q의 그래프의 성질
1253,이차함수 y=ax^2+bx+c의 그래프
1254,"이차함수 $y=ax^2+bx+c의 그래프와 a, b, c의 부호"
1255,유리수의 나눗셈
1256,곱셈 기호의 생략
1257,식의 값
1258,항
1259,동류항
1260,"등식과 좌변, 우변, 양변"
1261,등식의 성질
1262,이항
1263,일차방정식의 활용 문제 풀이
1264,일차방정식의 활용-수에 대한 문제
1266,수직선 위의 점의 위치
1267,그래프
1268,정비례
1269,정비례 관계 y=ax의 그래프
1270,반비례
1271,반비례 관계(y=a/x)의 그래프
1273,"정비례, 반비례 관계의 활용"
1356,유한소수 및 무한소수
1371,부정적분
1372,부정적분과 도함수의 관계
1373,함수 $y=x^n$의 부정적분
1374,부정적분의 성질
1375,정적분
1394,유한소수와 무한소수의 판별
1395,순환소수
1397,순환소수의 표현
1422,쌓기나무로 쌓은 모양과 위에서 본 모양을 보고 쌓은 모양과 쌓기나무의 개수 구하기
1439,"쌓기나무를 쌓아 만든 모양을 보고 위, 앞, 옆에서 본 모양 그리기"
1440,위에서 본 모양에 수를 쓰는 방법으로 쌓은 모양과 쌓기나무의 개수 구하기
1442,거듭제곱
1443,밑
1444,지수
1449,층별로 나타낸 모양을 보고 쌓은 모양과 쌓기나무의 개수 구하기
1450,여러 가지 모양 만들기
1452,곱셈과 나눗셈을 이용한 비의 성질
1453,소수(소수:소수)의 비를 간단한 자연수의 비로 나타내기
1454,분수(분수:분수)의 비를 간단한 자연수의 비로 나타내기
1455,소수와 분수(소수:분수)의 비를 간단한 자연수의 비로 나타내기
1456,비례식과 비례식의 외항과 내항
1463,비례배분
1464,비례배분 문제 해결하기
1494,원주와 지름의 관계
1531,원주율
1532,지름을 알 때 원주율을 이용하여 원주 구하기
1533,원주를 알 때 원주율을 이용하여 지름 구하기
1534,원의 넓이 어림하기
1535,정적분의 성질
1536,우함수와 기함수의 정적분 계산
1537,정적분으로 정의된 함수
1538,정적분으로 정의된 함수의 미분
1539,정적분을 포함한 등식에서 함수 구하기
1540,정적분으로 정의된 함수의 극한
1541,정적분의 기하학적 의미
1542,곡선과 x축 사이의 넓이
1543,곡선과 y축 사이의 넓이
1544,두 곡선 사이의 넓이
1546,주기함수의 정적분
1548,"원을 분할하여 모양이 다른 도형으로 바꾸기, 원의 넓이 구하는 방법"
1574,반지름과 원의 넓이의 관계
1575,원기둥
1576,원기둥의 구성 요소
1577,원기둥의 전개도
1578,"원기둥의 전개도의 특징, 각 부분의 길이"
1579,밑면의 둘레 구하는 방법
1580,원뿔
1581,원뿔의 구성 요소
1582,구
1583,구의 구성 요소
1638,직선 위의 운동에서 위치와 위치의 변화량
1707,"원의 중심, 반지름, 지름"
1720,원의 성질
1721,컴퍼스를 이용하여 원 그리기
1722,원을 이용하여 여러 모양을 그리기
1726,분수로 나타내기
1727,자연수에 대한 분수만큼은 얼마인지 알아보기
1728,길이에 대한 분수만큼은 얼마인지 알아보기
1872,진분수
1873,대분수
1874,가분수
1875,자연수
1876,대분수를 가분수로 나타내기
1877,가분수를 대분수로 나타내기
1878,분모가 같은 가분수의 크기 비교
1880,분모가 같은 가분수와 대분수의 크기 비교
1933,몇 L 몇 mL와 몇 mL로 나타내기
1934,들이의 어림
1935,들이의 덧셈과 뺄셈
1961,몇 kg 몇 g과 몇 g으로 나타내기
1962,무게의 어림
1963,무게의 덧셈과 뺄셈
1982,표
1983,자료를 수집하여 표로 나타내는 방법
1984,그림그래프
1985,그림그래프로 나타내기
2010,삼각비
2047,억
2048,조
2049,뛰어 세기
2050,수의 크기 비교
2052,각의 크기 비교
2053,각의 크기
2054,각을 그리는 방법
2055,예각과 둔각
2063,각도 어림하기
2065,삼각형의 세 각의 크기의 합
2066,사각형의 네 각의 크기의 합
2067,세 자릿수와 몇십의 곱셈
2068,세 자릿수와 두 자릿수의 곱셈
2071,두 자릿수 나눗셈 (몫이 한 자릿수)
2072,세 자릿수와 두 자릿수의 나눗셈 (몫이 한 자릿수)
2073,세 자릿수와 두 자릿수의 나눗셈 (나누어떨어질 때)
2074,세 자릿수와 두 자릿수의 나눗셈 (나머지가 있을 때)
2075,평면도형 밀기
2076,평면도형 뒤집기
2077,평면도형 돌리기
2078,평면도형 뒤집고 돌리기
2079,무늬 꾸미기
2085,막대그래프
2086,막대그래프에서 알 수 있는 내용
2087,막대그래프 그리는 방법
2089,수 배열표에서 수의 규칙 찾기
2090,수의 배열에서 어떤 규칙이 있는지 알아보기
2091,도형의 배열에서 규칙 찾기
2092,계산식에서 규칙 찾기(1)
2093,계산식에서 규칙 찾기(2)
2094,규칙적인 계산식 찾기
2096,진분수의 뺄셈
2097,1에서 진분수 빼기
2098,대분수의 덧셈
2099,대분수의 뺄셈 (분수 부분끼리 뺄 수 있을 때)
2100,자연수에서 분수 빼기
2101,대분수의 뺄셈 (분수 부분끼리 뺄 수 없을 때)
2102,이등변삼각형
2103,이등변삼각형의 성질
2104,정삼각형의 성질
2105,예각삼각형
2107,소수 두 자릿수
2108,소수 세 자릿수
2110,소수의 크기 비교
2111,소수 사이의 관계
2112,소수 한 자릿수의 덧셈
2113,소수 한 자릿수의 뺄셈
2114,소수 두 자릿수의 덧셈
2115,소수 두 자릿수의 뺄셈
2116,수직과 수선
2117,평행과 평행선
2118,평행선 사이의 거리
2119,사다리꼴
2120,평행사변형
2121,평행사변형의 성질
2122,마름모
2123,마름모의 성질
2125,꺾은선그래프
2126,꺾은선그래프에서 알 수 있는 내용
2127,꺾은선그래프 그리는 방법
2129,다각형
2131,정다각형
2132,대각선
2133,다각형을 이용하여 모양 만들기
2134,다각형을 이용하여 모양 채우기
2334,타원의 방정식
2336,타원의 평행이동
2337,타원의 방정식의 일반형
2359,쌍곡선
2360,쌍곡선의 방정식
2361,쌍곡선의 점근선
2362,쌍곡선의 평행이동
2363,쌍곡선의 방정식의 일반형
2378,이차곡선과 직선의 위치 관계
2379,포물선의 접선의 방정식
2380,타원의 접선의 방정식
2381,쌍곡선의 접선의 방정식
2496,"특수각(30, 45, 60)의 삼각비"
2497,예각의 삼각비의 값
2531,$\vec{OP}=m\vec{OA}+n\vec{OB}$를 만족시키는 점 P의 자취
2600,삼각형의 높이; 주어진 각이 모두 예각인 경우
2601,삼각형의 넓이; 끼인각이 예각인 경우
2602,평행사변형의 넓이
2603,원의 중심과 현의 수직이등분선 사이의 관계
2604,현의 길이의 성질
2605,원의 접선
2606,원의 접선의 길이
2609,원주각
2610,원주각의 성질
2611,원주각의 크기와 호의 길이 사이의 관계
2612,원에 내접하는 사각형의 성질
2613,사각형이 원에 내접하기 위한 조건
2614,원의 접선과 현이 이루는 각의 성질
2615,덧셈과 뺄셈이 섞여 있는 식의 계산
2616,곱셈과 나눗셈이 섞여 있는 식의 계산
2617,"덧셈, 뺄셈, 곱셈이 섞여 있는 식의 계산"
2618,"덧셈, 뺄셈, 나눗셈이 섞여 있는 식의 계산"
2619,"덧셈, 뺄셈, 곱셈, 나눗셈이 섞여 있는 식의 계산"
2620,약수
2621,배수
2623,공약수
2625,최대공약수
2626,최대공약수를 구하는 방법(1)
2627,최대공약수를 구하는 방법(2)
2643,대푯값
2644,중앙값
2645,최빈값
2652,부등식의 해를 구하는법
2666,일차방정식을 푼다
2711,직각삼각형의 닮음을 이용한 성질
2712,삼각형의 두 변의 중점을 연결한 선분의 성질
2715,삼각형의 무게중심
2716,삼각형의 중선의 성질
2717,삼각형의 무게중심의 성질
2718,삼각형의 무게중심과 넓이의 관계
2719,"닮음비와 넓이의 비, 부피의 비 사이의 관계"
2723,직각삼각형이 되는 조건
2724,피타고라스 수
2725,삼각형의 변의 길이와 각의 크기 사이의 관계
2726,피타고라스 정리의 활용; 직각삼각형
2727,피타고라스 정리의 활용; 사각형
2754,벡터
2756,영벡터
2757,두 벡터가 서로 같을 조건
2758,크기가 같고 방향이 반대인 벡터
2759,벡터의 덧셈
2760,벡터의 덧셈에 대한 연산 법칙
2762,벡터의 뺄셈
2763,벡터의 실수배
2764,백터의 실수배에 대한 연산 법칙
2765,벡터의 평행
2766,두 벡터가 평행할 필요충분조건
2768,세 점이 한 직선 위에 있을 조건
2769,단항식
2773,다항식의 정리 방법-내림차순
2786,다항식의 덧셈과 뺄셈
2787,다항식의 덧셈에 대한 연산법칙
2792,지수법칙
2793,식의 전개-전개의 뜻
2824,다항식의 나눗셈
2831,항등식과 방정식
2832,항등식의 성질
2840,계수비교법
2841,나머지정리
2842,인수정리
2848,연립일차방정식의 활용-자연수에 대한 문제
2849,연립일차방정식의 활용-나이에 대한 문제
2852,"연립일차방정식의 활용-증가, 감소에 대한 문제"
2853,연립일차방정식의 활용-일에 대한 문제
2868,일차함수의 활용-온도에 대한 문제
2869,일차함수의 활용-길이에 대한 문제
2870,일차함수의 활용-물의 양에 대한 문제
2871,"일차함수의 활용-거리, 속력, 시간에 대한 문제"
3001,수열의 발산
3021,선분의 내분점과 외분점의 위치벡터
3022,삼각형의 무게중심의 위치벡터
3023,평면의 단위벡터
3024,평면벡터의 성분
3025,평면벡터의 크기
3026,두 평면벡터가 서로 같을 조건
3027,성분으로 나타낸 평면벡터의 연산
3028,평면벡터 $\vec{AB}$의 성분과 크기
3029,평면벡터의 성분과 평행
3039,두 평면벡터가 이루는 각
3040,평면벡터의 내적
3041,평면벡터의 내적과 성분
3042,평면벡터의 내적의 성질
3043,두 평면벡터가 이루는 각의 크기
3044,평면벡터의 내적과 수직
3045,평면벡터의 내적과 평행
3084,직선의 방정식
3085,두 직선이 이루는 각의 크기
3086,두 직선의 평행 조건
3087,두 직선의 수직조건
3092,원의 방정식
3144,수열의 극한에 대한 기본 성질
3160,수열의 극한값의 계산
3161,수열의 극한의 대소 관계
3167,등비수열의 수렴과 발산
3173,공간도형의 기본성질
3174,평면의 결정 조건
3175,두 직선의 위치 관계
3176,직선과 평면의 위치 관계
3177,교선
3178,두 평면의 위치  관계
3179,등비수열의 수렴조건
3185,직선과 평면의 평행 관계
3188,두 직선이 이루는 각
3189,직선과 평면의 수직
3190,직선과 평면의 수직에 대한 정리
3200,좌표축에 접하는 구의 방정식
3202,두 구의 위치 관계
3203,구와 좌표평면의 교선의 방정식
3204,삼수선의 정리
3205,이면각
3206,두 평면이 이루는 각
3207,두 평면의 수직에 대한 정리
3208,정사영
3209,정사영의 길이
3210,정사영의 넓이
3225,급수
3226,부분합
3230,급수의 수렴
3232,무한집합
3243,급수의 발산
3249,거듭제곱
3250,거듭제곱의 밑
3251,거듭제곱의 지수
3253,등비급수
3262,교환법칙
3263,결합법칙
3264,분배법칙
3274,등비급수의 수렴과 발산
3276,n제곱근의 정의
3277,거듭제곱근의 성질
3288,구의 겉넓이
3289,변량
3291,히스토그램을 그리는 순서
3317,순환소수와 등비급수
3333,지수가 0 또는 음수인 경우의 정의
3334,지수법칙-지수가 정수일때
3343,좌표공간
3344,공간좌표
3345,수선의 발의 좌표
3346,대칭인 점의 좌표
3347,두 점 사이의 거리
3348,선분의 내분점과 외분점
3349,삼각형의 무게중심
3350,구
3351,구의 방정식
3352,구의 방정식의 일반형
3357,유리수 지수의 정의
3358,지수법칙-지수가 유리수일 때
3368,도형과 등비급수
3378,인수분해
3379,인수분해의 기본 공식
3380,공통부분이 있는 식의 인수분해
3381,복이차식의 인수분해
3382,여러 개의 문자를 포함한 식의 인수분해
3396,인수정리를 이용한 인수분해
3397,지수법칙-지수가 실수일 때
3399,로그의 진수
3400,로그의 성질(1)
3401,로그의 밑의 변환 공식
3427,로그의 성질(2)
3428,상용로그
3490,허수단위 $i$와 복소수
3520,복소수의 분류
3535,복소수가 서로 같을 조건
3536,귀납적으로 정의된 수열의 극한에서 일반항 이용하기
3537,귀납적으로 정의된 수열의 극한에서 수열의 극한에 대한 기본 성질 이용하기
3543,항의 부호가 교대로 바뀌는 급수
3546,켤레복소수
3609,복소수의 덧셈과 뺄셈
3617,복소수의 곱셈
3625,허수단위 i의 거듭제곱 계산
3647,켤레복소수의 성질
3681,공배수
3682,최소공배수
3691,최소공배수를 구하는 방법(1)
3692,최소공배수를 구하는 방법(2)
3693,두 양 사이의 관계(1)
3702,두 양 사이의 관계(2)
3703,대응 관계를 기호를 사용하여 식으로 나타내는 방법
3704,생활 속에서 대응 관계를 찾아 식으로 나타내기
3728,크기가 같은 분수
3729,"곱셈, 나눗셈을 이용하여 크기가 같은 분수 만들기"
3751,약분
3752,기약분수
3753,통분
3755,통분하는 방법 알아보기
3756,분모가 다른 두 분수의 크기 비교
3757,분모가 다른 세 분수의 크기 비교
3793,소인수분해
3794,소인수분해를 이용하여 약수 구하기(2)
3795,공약수와 최대공약수
3798,최대공약수 구하는 방법
3799,지수함수의 극한
3804,공배수와 최소공배수
3806,최소공배수 구하는 방법
3808,로그함수의 극한
3809,무리수 e
3814,자연로그
3815,e의 정의를 이용한 지수함수와 로그함수의 극한
3819,지수함수의 도함수
3820,최대공약수의 활용
3821,최소공배수의 활용
3823,공학적 도구의 이용
3824,"분수를 소수로, 소수를 분수로 나타내기"
3825,분수와 소수의 크기 비교
3826,받아 올림이 없는 분모가 다른 진분수의 덧셈
3827,받아 올림이 있는 분모가 다른 진분수의 덧셈
3828,받아 올림이 있는 분모가 다른 대분수의 덧셈
3829,음수의 제곱근
3830,음수의 제곱근의 성질
3843,방정식과 일차방정식
3844,방정식 ax=b의 풀이
3858,실근과 허근
3859,인수분해를 이용한 이차방정식의 풀이
3860,이차방정식의 판별식
3861,이차식이 완전제곱식이 되도록 하는 조건
3862,이차방정식의 근과 계수의 관계
3863,두 수를 근으로 하는 이차방정식
3864,이차식의 인수분해
3865,이차방정식의 켤레근의 성질
3867,이차함수의 기본형 y=ax^2의 그래프
3868,이차함수의 기본형 y=a(x-p)^2+q의 그래프
3869,이차함수의 일반형 y=ax^2+bx+c의 그래프
3870,이차함수의 계수의 부호결정
3871,이차함수의 식의 결정
3872,이차방정식과 이차함수의 관계
3873,이차방정식의 해와 이차함수의 그래프
3875,드모르간의 법칙
3876,대칭차집합(공통차집합)
3877,배수의 집합의 연산
3880,로그함수의 도함수
3883,정의
3890,명제(p -> q)의 기초
3891,명제의 참·거짓과 집합의 포함 관계
3893,'모든'이나 '어떤'이 있는 명제
3895,명제의 대우
3898,충분조건
3899,필요조건
3905,부등식
3906,절대부등식
3907,조건부등식
3916,지수함수
3918,지수함수의 성질
3920,"지수함수의 최대,최소"
3935,지수방정식
3942,항
3943,상수항
3944,계수
3945,다항식
3947,차수
3948,동류항
3955,식의 전개-식의 전개 방법
3957,다항식의 곱셈에 대한 성질
3959,곱셈 공식
3960,곱셈 공식의 변형
3963,다항식의 나눗셈에 대한 등식
3964,조립제법
3966,지수부등식
4015,"삼각함수: 코시컨트, 시컨트, 코탄젠트"
4020,미정계수법
4023,다항식의 나눗셈과 항등식
4024,다항식의 나눗셈을 이용한 미정계수의 결정
4042,항이 네 개일 때 인수분해의 기본 공식의 적용 방법
4044,삼각함수 사이의 관계
4047,여러 개의 문자를 포함한 식의 인수분해
4050,삼각함수의 덧셈정리
4051,배각의 공식
4058,삼각함수의 합성
4060,인수
4064,복소수의 사칙연산에 대한 성질
4069,삼각함수의 극한
4070,삼각함수의 극한
4072,삼각함수의 극한값의 계산 공식
4077,함수 몫의 미분법
4078,함수 y=x^n(n은 정수)의 도함수
4079,삼각함수의 도함수
4086,합성함수의 미분법
4101,지수함수의 도함수
4102,로그함수의 도함수
4104,함수 y=x^n(n은 실수)의 도함수
4106,매개변수로 나타낸 함수
4107,매개변수로 나타낸 함수의 미분법
4140,"이차함수의 최대, 최소"
4144,공통부분이 포함된 함수의 최대와 최소
4145,완전제곱식을 이용한 이차식의 최대·최소
4146,조건식이 있는 이차식의 최대·최소
4173,인수정리를 이용한 고차방정식의 풀이
4177,이차함수의 그래프와 직선의 교점에 대한 성질
4178,이차함수의 그래프와 직선의 위치관계
4186,방정식 x^3=-1의 성질
4195,방정식의 실근과 그래프의 교점
4196,방정식의 실근의 개수와 그래프의 교점의 개수
4198,"제한된 범위에서의 이차함수의 최대, 최소"
4199,고차방정식
4200,고차방정식의 풀이와 원리
4201,"인수정리, 치환을 이용한 고차방정식의 풀이"
4202,복이차방정식
4203,상반방정식
4209,제곱근표
4210,근호를 포함한 식의 혼합 계산
4211,뺄셈을 이용한 실수의 대소 관계
4212,곱셈 공식을 이용한 수의 제곱의 계산
4219,세 수를 근으로 하는 삼차방정식
4222,켤레근의 성질
4223,방정식 x^3=1의 성질
4225,음함수
4226,음함수의 미분법
4232,공통인수가 있는 다항식의 인수분해
4233,수의 계산
4234,복잡한 이차방정식을 푸는 방법
4236,"꼭짓점의 좌표가 주어질 때, 이차함수의 식을 구하는 방법"
4237,미지수가 2개인 연립일차방정식
4238,미지수가 2개인 연립일차방정식의 풀이
4239,미지수가 3개인 연립일차방정식
4240,미지수가 3개인 연립일차방정식의 풀이
4241,삼각비의 표
4242,일반 삼각형에서의 변의 길이 구하기
4244,미지수가 2개인 연립이차방정식
4245,원주각의 성질을 이용한 네 점이 한 원 위에 있을 조건
4252,미지수가 2개인 연립이차방정식의 풀이
4259,역함수의 미분법
4260,이계도함수
4262,두 이차방정식으로 이루어진 연립방정식-인수분해 되는 식이 없는 경우
4314,대칭식으로 이루어진 연립방정식
4316,공통근을 구하는 방법
4317,부정방정식
4318,정수 조건의 부정방정식
4319,실수 조건의 부정방정식
4320,이차방정식의 정수근
4321,부등식
4322,부등식의 기본 성질
4370,부등식의 사칙계산
4371,일차부등식
4372,부등식 $ax>b$의 풀이
4373,연립부등식
4374,연립부등식의 풀이
4375,$A<B<C$꼴의 부등식
4376,절댓값 기호를 포함한 간단한 부등식
4377,절댓값 기호를 포함한 부등식의 풀이
4378,이차부등식
4379,이차부등식과 이차함수의 관계
4417,이차부등식의 풀이(1)-이차함수의 그래프가 x축과 서로 다른 두 점에서 만날 때
4418,이차부등식의 풀이(2)-이차함수의 그래프가 x축과 한 점에서 만날 때
4419,이차부등식의 풀이(3)-이차함수의 그래프가 x축과 만나지 않을 때
4420,이차부등식의 작성
4421,이차부등식이 항상 성립할 조건
4433,연립이차부등식
4434,접선의 방정식
4435,이차방정식의 실근의 부호
4436,이차방정식의 근의 분리
4498,삼각형의 내심의 위치
4553,해가 하나뿐인 연립부등식
4554,해가 없는 연립부등식
4576,급수의 수열의 극한값 사이의 관계
4604,유리수
4605,유리수의 분류
4607,삼각형의 무게중심
4655,유리수와 소수의 관계
4657,순환소수를 분수로 나타내는 방법
4658,지수법칙 (1) - 지수의 합
4659,지수법칙 (2) - 지수의 곱
4660,지수법칙 (3) - 지수의 차
4661,지수법칙 (4) - 지수의 분배
4662,단항식의 곱셈
4663,단항식의 나눗셈
4664,단항식의 곱셈과 나눗셈의 혼합계산
4665,다항식의 덧셈과 뺄셈
4666,이차식
4667,이차식의 덧셈과 뺄셈
4668,단항식과 다항식의 곱셈
4669,전개
4671,다항식과 단항식의 나눗셈
4672,다항식의 혼합 계산
4676,접선의 방정식을 구하는 방법
4677,매개변수로 나타낸 곡선의 접선의 방정식 구하기
4678,부등식
4679,부등식의 표현
4680,부등식의 해
4681,부등식을 푼다
4682,부등식의 성질
4683,일차부등식
4684,일차부등식의 풀이
4685,복잡한 일차부등식의 풀이방법
4686,일차부등식의 활용 문제의 풀이
4687,"일차부등식의 활용-거리, 속력, 시간에 대한 문제"
4688,일차부등식의 활용-소금물의 농도에 대한 문제
4693,표준형으로 표현된 두 직선의 수직 관계
4697,제곱근의 표현
4698,"곡선 f(x,y)=0의 접선의 방정식 구하기"
4699,제곱근의 성질
4700,밑
4702,수직선 위의 두 점 사이의 거리
4703,좌표평면 위의  두 점 사이의 거리
4704,내분과 내분점
4706,수직선 위의 선분의 내분점
4707,수직선 위의 선분의 외분점
4708,함수의 증가와 감소
4709,제곱근 성질의 이해
4712,원
4719,함수의 극대와 극소
4720,제곱수
4722,좌표평면 위의 선분의 내분점과 외분점
4723,제곱근의 대소 관계
4724,무리수
4725,실수
4746,최대공약수와 최소공배수의 관계
4756,삼각형의 무게중심
4757,직선의 방정식
4775,한 점과 기울기가 주어진 직선의 방정식
4776,두 점을 지나는 직선의 방정식
4780,미지수가 2개인 일차방정식
4781,미지수가 2개인 일차방정식의 해
4782,방정식을 푼다
4783,연립방정식
4784,미지수가 2개인 연립일차방정식
4785,미지수가 2개인 연립일차방정식의 해
4786,연립방정식을 푼다
4791,$x$절편과 $y$절편이 주어진 직선의 방정식
4793,가감법
4794,가감법을 이용한 연립방정식의 풀이
4795,대입법
4796,대입법을 이용한 연립방정식의 풀이
4797,괄호가 있는 연립방정식의 풀이
4798,계수가 소수인 연립방정식의 풀이
4799,계수가 분수인 연립방정식의 풀이
4800,A=B=C 꼴의 방정식의 풀이
4802,연립방정식의 해가 없는 경우
4803,연립방정식의 활용 문제의 풀이방법
4804,"연립일차방정식의 활용-거리, 속력, 시간에 대한 문제"
4805,연립일차방정식의 활용-농도에 대한 문제
4838,로그미분법
4841,평면위의 두 직선의 위치관계
4842,표준형으로 표현된 두 직선의 위치관계
4886,두 직선이 수직일 조건
4887,일반형으로 표현된 두 직선
4957,함수
4959,함숫값
4961,일차함수 y=ax+b의 그래프
4962,일차함수
4963,일차함수의 그래프의 절편
4964,"x절편, y절편을 이용하여 일차함수의 그래프 그리는 방법"
4965,일차함수의 그래프의 기울기
4966,기울기와 y절편을 이용하여 일차함수의 그래프 그리는 방법
4967,일차함수 y=ax+b의 그래프의 성질
4969,두 일차함수 그래프의 평행과 일치
4970,기울기를 이용하여 일차함수의 식 구하기
4971,두 점의 좌표를 이용하여 일차함수의 식 구하기
4972,일차함수의 활용 문제의 풀이방법
4974,직선의 방정식
4975,일차함수와 미지수가 2개인 일차방정식의 관계
4976,"일차방정식 x=p, y=q의 그래프를 그리는 방법"
4978,"방정식 x=0, y=0의 그래프"
4979,일차방정식의 그래프와 연립일차방정식의 관계
4980,두 그래프의 위치관계와 연립방정식의 해의 개수
4998,정점을 지나는 직선
4999,두 직선의 교점을 지나는 직선의 방정식
5000,점과 직선 사이의 거리
5001,평행한 두 직선 사이의 거리
5118,여집합
5141,무리수를 수직선 위에 나타내기
5142,실수의 대소 관계
5189,원의 방정식의 표준형
5190,원의 방정식의 일반형
5191,좌표축에 접하는 원의 방정식
5192,원과 직선의 위치관계 - 판별식 이용
5193,원과 직선의 위치관계 - 원의 중심과 직선 사이의 거리 이용
5195,공통현의 방정식
5196,두 원의 교점을 지나는 원의 방정식
5197,기울기가 주어진 원의 접선의 방정식
5198,원 위의 점에서의 접선의 방정식
5199,원 밖의 점에서 원에 그은 접선의 방정식
5200,원의 접선의 길이
5202,공통접선의 길이
5241,치역
5248,유리함수의 정의역
5250,분모의 유리화
5254,순열의 수
5255,$n!$을 이용한 순열의 수
5256,조합의 수
5258,분모가 다른 진분수의 뺄셈
5259,받아 내림이 없는 분모가 다른 대분수의 뺄셈
5260,받아 내림이 있는 분모가 다른 대분수의 뺄셈
5261,제곱근의 곱셈
5262,로그함수
5263,로그함수의 그래프
5264,로그함수의 성질
5266,정다각형의 둘레
5267,직사각형(직사각형은 마주 보는 두 변의 길이가 같습니다.)의 둘레 구하는 방법
5268,이상
5269,이하
5270,초과
5271,미만 알아보기
5283,수의 범위 수직선에 나타내기
5284,올림
5285,버림
5286,반올림
5288,진분수와 자연수의 곱셈
5289,대분수와 자연수의 곱셈
5290,자연수와 진분수의 곱셈
5291,곡선의 오목과 볼록
5292,곡선의 오목과 볼록의 판정
5293,변곡점
5294,변곡점의 판정
5296,함수의 그래프의 개형
5297,자연수와 대분수의 곱셈
5298,진분수와 진분수의 곱셈
5300,세 분수의 곱셈
5301,함수의 최댓값과 최솟값
5304,극값이 하나만 존재할 때의 최댓값과 최솟값
5306,방정식에의 활용
5308,근호가 있는 식의 변형
5311,"선대칭도형과 대칭축, 대응점, 대응각, 대응변"
5317,분모의 유리화
5318,"로그함수의 최대,최소"
5320,로그방정식의 풀이
5322,로그부등식의 풀이
5323,각
5326,일반각
5330,호도법
5331,호도법과 육십분법의 관계
5332,부채꼴의 호의 길이와 넓이
5333,삼각비
5334,삼각함수
5337,삼각함수의 값의 부호
5338,삼각함수 사이의 관계
5371,부등식에의 활용
5372,주기함수
5374,함수 y=\sin x의 그래프와 성질
5375,함수 y=cos x의 그래프와 성질
5376,함수 y=\tan x의 그래프와 성질
5377,"삼각함수의 최댓값,최솟값,주기"
5390,함수 y=x^n(n은 실수)의 부정적분
5485,여섯
5505,원순열
5506,다각형의 둘레에 배열하는 경우의 수
5507,중복순열
5510,중복조합
5521,지수함수의 부정적분
5522,삼각함수의 부정적분
5523,치환적분법
5532,직육면체의 밑면
5533,"순열, 중복순열, 조합, 중복조합의 비교"
5534,이항정리
5540,치환적분법의 적용
5541,유리함수의 부정적분
5542,직육면체의 옆면
5543,직육면체의 겨냥도
5544,정육면체의 전개도
5545,부분적분법
5595,제곱근의 덧셈과 뺄셈
5596,근호를 포함한 식의 분배법칙
5616,함숫값
5619,유리수
5620,수직선
5653,수의 대소 관계
5654,부등호의 사용
5655,"덧셈의 계산법칙(교환법칙,결합법칙)"
5656,유리수의 덧셈과 뺄셈의 혼합 계산
5705,부호가 생략된 수의 덧셈과 뺄셈
5706,"괄호가 있는 식의 덧셈, 뺄셈을 빨리 계산하는 방법"
5707,"곱셈의 계산법칙(교환법칙,결합법칙)"
5761,셋 이상의 수의 곱셈
5762,거듭제곱의 부호
5763,덧셈에 대한 곱셈의 분배법칙
5764,(a+b+c)^n의 전개식의 일반항
5765,이항계수의 성질
5766,파스칼의 삼각형
5767,파스칼의 삼각형의 성질
5768,시행과 사건
5769,"합사건, 곱사건, 배반사건, 여사건"
5770,수학적 확률
5771,통계적 확률
5772,기하적 확률
5773,확률의 기본 성질
5774,확률의 덧셈정리
5775,여사건의 확률
5776,조건부확률
5777,확률의 곱셈정리
5778,사건의 독립과 종속
5779,두 사건이 서로 독립일 조건
5780,역수를 이용한 나눗셈
5781,유리수의 곱셈과 나눗셈의 혼합 계산
5782,"유리수의 덧셈, 뺄셈, 곱셈, 나눗셈의 혼합 계산"
5783,유리수의 부호
5784,정적분
5785,구분구적법
5786,정적분의 성질
5787,우함수와 기함수의 정적분
5788,문자를 사용한 식 나타내기
5803,절댓값 기호를 포함한 삼각함수
5804,여러가지 각의 삼각함수
5805,여러가지 각의 삼각함수의 변형 방법
5806,치환적분법을 이용한 정적분
5808,"단항식과 수의 곱셈, 나눗셈"
5809,"일차식과 수의 곱셈, 나눗셈"
5810,일차식의 덧셈과 뺄셈
5811,삼각치환법을 이용한 정적분
5813,"삼각함수를 포함한 식의 최대,최소"
5814,1부터 5까지의 수
5816,삼각방정식의 풀이
5817,삼각부등식
5818,삼각부등식의 풀이
5819,사인법칙
5820,사인법칙의 활용
5824,"도형의 방정식 f(x,y)=0"
5825,도형의 평행이동
5826,대칭이동
5827,점의 대칭이동
5828,도형의 대칭이동
5834,수의 순서
5835,1 큰 수와 1 작은 수
5836,두 수의 크기 비교하기
5837,코사인법칙
5841,코사인법칙의 활용
5842,점에 대한 대칭이동
5843,직선에 대한 대칭이동
5844,여러 가지 모양 찾아보기
5845,여러 가지 모양 알아보기
5846,여러 가지 모양으로 만들기
5847,삼각형의 넓이
5848,여러 가지 모양 알아보기
5850,선분의 길이의 합의 최솟값
5906,사각형의 넓이
5910,주기함수의 정적분
5916,정적분으로 정의된 함수의 극한
5917,부분적분법을 이용한 정적분
5921,무리수를 정수 부분과 소수 부분으로 나누는 방법
5922,정적분으로 정의된 함수의 미분
5979,정적분과 급수
6104,배반사건과 독립사건의 관계
6107,확률변수
6307,여러 가지 모양 알아보기
6308,여러 가지 모양 만들어보기
6409,모으기와 가르기
6420,덧셈과 뺼셈하기
6453,길이 비교하기
6456,담을 수 있는 양 비교하기
6555,몇십 몇 알아보기
6556,50까지  수의 순서
6557,10개씩 묶음의 수가 다를 때
6646,99까지의 수 쓰고 읽기
6647,수의 순서 알아보기
6648,수의 크기 비교하기
6649,짝수와 홀수 알아보기
6774,받아 올림이 없는 (몇십 몇)\n+ (몇)
6775,받아 올림이 없는 (몇십)+(몇십)
6776,받아 올림이 없는 (몇십 몇)\n+ (몇십 몇)
6777,그림을 보고 덧셈하기
6781,수열
6783,수열의 일반항
6784,방정식
6785,항등식
6794,그림을 보고 뺄셈하기
6795,복잡한 일차방정식의 풀이
6800,좌표평면 위의 점의 위치
6801,사분면
6802,대칭인 점의 좌표 구하기
6803,여러 가지 모양 찾아 보기
6804,네모 모양 알아 보기
6805,세모 모양 알아 보기
6806,동그라미 모양 알아 보기
6807,여러 가지 모양 꾸미기
6825,그래프의 해석
6826,그래프가 지나는 점
6827,정비례 관계의 그래프가 주어질 때 x와 y 사이의 관계식 구하기
6828,반비례 관계의 그래프가 주어질 때 x와 y 사이의 관계식 구하기
6831,등차수열
6834,등차수열의 일반항
6836,조화수열
6837,조화중항
6838,조화수열의 관계식
6839,등차수열의 합
6840,수열의 합과 일반항 사이의 관계
6870,등비수열
6873,등비수열의 일반항
6875,등비수열의 합
6876,등비수열의 합의 활용-원리합계
6877,합의기호 시그마의 정의
6878,시그마의 성질
6879,자연수의 거듭제곱의 합
6888,급수의 성질
6889,함수의 극대와 극소의 판정
6890,직선 운동에서의 속도와 가속도
6891,평면 운동에서의 속도와 가속도
6924,곡선과 좌표축 사이의 넓이
6925,두 곡선 사이의 넓이
6926,입체도형의 부피
6928,직선 위의 점의 위치와 움직인 거리
6929,평면 위의 점이 움직인 거리
6930,곡선의 길이
7001,분수 꼴로 주어진 수열의 합
7029,분모에 근호가 있는 수열의 합
7068,군수열
7070,그림으로 알아보기
7072,덧셈을 하고 규칙 찾기
7073,그림으로 알아보기
7075,뺄셈을 하고 규칙찾기
7076,10을 이용하여 가르기
7077,수열의 귀납적 정의
7078,등차수열과 등비수열의 귀납적 정의
7094,조화수열을 나타내는 관계식
7118,평행사변형의 넓이가 나누어지는 경우
7120,직사각형의 성질
7122,마름모
7123,마름모의 성질
7126,정사각형의 성질
7127,직사각형이 정사각형이 되는 조건
7128,마름모가 정사각형이 되는 조건
7141,수학적 귀납법
7167,사다리꼴
7168,등변사다리꼴
7169,등변사다리꼴의 성질
7170,여러 가지 사각형 사이의 관계
7171,여러 가지 사각형의 대각선의 성질
7172,사각형의 각 변의 중점을 연결하여 만든 사각형의 형태
7174,높이가 같은 두 삼각형의 넓이의 비
7224,1을 자연수로 나눈 몫을 분수로 나타내기
7225,자연수 나눗셈의 몫을 분수로 나타내기 (1보다 작은 경우)
7226,자연수 나눗셈의 몫을 분수로 나타내기 (1보다 큰 경우)
7227,분수의 나눗셈 (분자가 자연수의 배수인 경우)
7228,분수의 나눗셈 (분자가 자연수의 배수가 아닌 경우)
7229,분수와 자연수의 나눗셈 (곱셈으로 변환)
7230,대분수와 자연수의 나눗셈
7248,평면도형
7264,두 평면 사이의 거리
7268,다섯 자릿수
7271,만
7305,"십만, 백만, 천만"
7307,받아 올림이 없는 (세자릿수)+(세자릿수)
7308,받아 올림이 한 번 있는 (세자릿수)+(세자릿수)
7309,받아 올림이 두 번 있는 (세자릿수)+(세자릿수)
7310,받아 올림이 세 번 있는 (세자릿수)+(세자릿수)
7333,똑같이 나누어 한 부분의 크기 알아보기
7334,같은 양이 몇 번 들어 있는지 알아보기
7490,도수분포와 확률분포
7518,정규분포
7552,정규분포의 표준화
7553,이항분포와 정규분포의 관계
7554,모집단과 표본
7555,모평균과 표본평균
7556,"표본평균의 평균, 분산 표준편차"
7557,표본평균의 분포
7558,모평균의 추정
7580,모평균에 대한 신뢰구간의 길이
7581,첫째
7593,0
7595,'+'와 '=' 기호를 사용하여 덧셈을 쓰고 읽기
7596,그림 그리기를 이용하여 덧셈하기
7597,수 모으기를 이용하여 덧셈하기
7598,'-'와 '=' 기호를 사용하여 뺄셈식을 쓰고 읽기
7599,그림 그리기를 이용하여 뺄셈하기
7600,수 가르기로 이용하여 뺄셈하기
7601,0이 있는 덧셈
7602,0이 있는 뺼셈
7618,10 알아보기
7620,십몇 알아보기
7621,몇십 알아보기
7626,"60,70,80,90"
7629,100 알아보기
7636,올림이 없는 세 자릿수 곱셈
7637,일의 자리에서 올림이 있는 세 자릿수 곱셈
7653,모든 자리에서 올림이 있는 세 자릿수 곱셈
7665,양의 부호와 음의 부호
7666,양수
7667,음수
7690,(몇십)을 (몇)으로 나누기 (내림 없음)
7691,(몇십)을 (몇)으로 나누기 (내림 있음)
7693,오각형 알아보기
7694,육각형 알아보기
7696,쌓은 모양 설명하기
7747,여러 가지 방법으로 덧셈 해 보기
7751,여러 가지 방법으로 뺄셈 해 보기
7781,(몇십몇)을 (몇)으로 나누기 (내림 없음)
7782,(몇십몇)을 (몇)으로 나누기 (내림 있음)
7788,나머지가 있는 나눗셈 (내림 없음)
7789,나머지가 있는 나눗셈 (내림 있음)
7790,수의 크기 비교를 기호를 사용하여 나타내기
7797,(몇십 몇)-(몇)
7798,(몇십)-(몇십)
7799,(몇십 몇)-(몇십 몇)
7800,세 수의 덧셈
7801,세 수의 뺄셈
7802,두 수 더하기
7803,10이 되는 더하기
7804,10에서 빼기
7805,10을 만들어 더하기
7806,10을 만들어 더하기
7807,몇 시
7808,몇 시 30분
7809,규칙 찾기
7810,규칙을 찾아 여러 가지 방법으로 나타내기
7811,수 배열에서 규칙 찾기
7812,10을 이용하여 모으기
7813,6+5의 계산
7815,12-5의 계산
7817,세 자릿수 나눗셈 (나누어떨어지는 경우)
7818,세 자릿수 나눗셈 (나머지가 있는 경우)
7822,분류한 결과 말하기
7823,나눗셈을 맞게 계산했는지 확인하기
7862,각뿔의 부피
7863,원뿔의 부피
7866,구의 부피
7867,줄기와 잎 그림
7912,90보다 10 큰 수
7913,몇백
7914,세 자릿수
7915,927의 각 자리의 숫자가 나타내는 값
7916,뛰어서 세기
7918,세 자릿수의 크기 비교하기
7919,원
7920,삼각형
7921,사각형
7922,칠교판
7923,똑같은 모양으로 쌓기
7924,받아 올림이 있는 (두 자릿수)+(한 자릿수)
7925,일의 자리에서 받아 올림이 있는 (두 자릿수)+(두 자릿수)
7926,십의 자리에서 받아 올림이 있는 (두 자릿수)+(두 자릿수)
7927,받아 내림이 있는 (두 자릿수)-(한 자릿수)
7928,받아 내림이 있는 (몇십)-(몇십 몇)
7929,받아 내림이 있는 (두 자릿수)-(두 자릿수)
7930,덧셈식을 뺄셈식으로 나타내기
7932,"덧셈식, 뺄셈식에서 □의 값 구하기"
7933,세 수의 계산
7934,1 cm
7935,자를 이용하여 길이 재는 법
7936,자로 길이 재기
7937,길이 어림하기
7938,분류하기
7939,기준에 따라 분류하기
7940,분류하여 세어보기
7941,여러 가지 방법으로 세기
7942,묶어 세기
7943,몇의 몇 배
7944,곱셈식
7945,곱셈식으로 나타내기
7946,다항함수
7947,"다항함수 - 일차함수, 이차함수, 삼차함수"
7949,일차함수의 그래프
7950,이차함수의 기본형 y=ax^2의 그래프
7951,이차함수의 표준형 y=a(x-p)^2+q의 그래프
7952,이차함수의 일반형 y=ax^2+bx+c의 그래프
7953,절댓값 기호를 포함한 식의 그래프(1)
7957,우함수
7958,기함수
7960,분수식
7971,분수함수
7977,제곱근
8001,몇천
8002,네 자릿수
8003,각 자리의 숫자가 나타내는 값
8004,뛰어 세기
8005,네 자릿수의 크기 비교하기
8006,2의 단 곱셈구구
8014,5의 단 곱셈구구
8015,3의 단 곱셈구구
8016,6의 단 곱셈구구
8017,4의 단 곱셈구구
8018,8의 단 곱셈구구
8019,7의 단 곱셈구구
8020,9의 단 곱셈구구
8021,1의 단 곱셈구구
8022,0의 곱
8023,곱셈표 만들기
8027,100이 10개인 수
8091,표와 그래프로 나타내기
8092,덧셈표에서 규칙찾기
8093,곱셈표에서 규칙찾기
8094,색깔에서 규칙찾기
8095,모양에서 규칙찾기
8096,쌓은 모양에서 규칙찾기
8097,수와 규칙이 있는 생활 속이 예
8122,곱셈구구를 이용하여 문제 해결하기
8123,1 m
8124,줄자를 이용하여 길이를 재는 방법
8125,길이의 합 구하기
8126,길이의 차 구하기
8127,길이 어림하기
8129,5분 단위의 시각 읽어 보기
8130,1분 단위의 시각 읽어 보기
8131,여러 가지 방법으로 시각 읽어 보기
8132,1시간
8133,하루의 시간
8134,달력
8135,자료를 보고 표로 나타내기
8136,자료를 조사하여 표로 나타내기
8137,그래프로 나타내는 방법
8138,표와 그래프의 편리한 점
8238,$(진분수)+(진분수)$
8244,삼각형을 두 가지 기준으로 분류하기(1)
8247,삼각형을 두 가지 기준으로 분류하기(3)
8289,삼각형의 닮음 조건을 응용하여 닮음인 삼각형을 찾는 방법
8343,사각형의 네 변의 중점을 연결한 선분의 성질
8344,사다리꼴의 두 변의 중점을 연결한 선분의 성질
8403,평행사변형에서 삼각형의 무게중심의 응용
8404,피타고라스 정리
8418,사건
8419,경우의 수
8420,경우의 수를 구하는 방법
8421,한 줄로 세우는 경우의 수를 구하는 방법
8422,한 줄로 세울 때 이웃하여 서는 경우의 수를 구하는 방법
8423,자연수의 개수를 구하는 방법
8424,대표를 뽑는 경우의 수를 구하는 방법
8425,확률
8426,확률을 구하는 방법
8427,확률의 기본 성질
8428,어떤 사건이 일어나지 않을 확률
8429,'적어도 하나는 ~일' 확률을 구하는 방법
8430,사건 $A$ 또는 사건 $B$가 일어날 확률
8431,두 사건 $A$와 $B$가 동시에 일어날 확률
8432,연속하여 뽑는 경우의 확률을 구하는 방법
8433,도형에서의 확률을 구하는 방법
8481,각도의 합과 차
8790,지수
8791,인수
8794,일차방정식의 그래프
8830,나눗셈 기호의 생략
8831,식의 값을 구하는 방법
8832,삼각형을 두 가지 기준으로 분류하기(2)
8836,여러 가지 사각형의 관계
8868,"점, 선, 면"
8871,교점
8872,교선
8873,직선의 결정조건
8875,반직선
8876,선분
8877,두 점 사이의 거리
8878,선분의 중점
8879,각
8880,평각
8881,직각
8882,예각
8883,둔각
8884,교각
8885,맞꼭지각
8886,직교
8887,수직과 수선
8889,수직이등분선
8890,수선의 발
8891,점과 직선 사이의 거리
8892,점과 직선의 위치 관계
8893,평면에서 두 직선의 위치 관계
8894,꼬인 위치
8895,공간에서 두 직선의 위치 관계
8896,공간에서 직선과 평면의 위치 관계
8897,직선과 평면의 수직
8899,두 평면의 수직
8900,동위각
8901,엇각
8902,평행선에서 동위각과 엇각
8903,두 직선이 평행할 조건
8904,작도
8905,길이가 같은 선분의 작도
8906,크기가 같은 각의 작도
8907,삼각형-대변
8908,삼각형의 작도
8909,삼각형-대각
8910,삼각형의 세 변의 길이 사이의 관계
8911,삼각형
8913,합동인 도형과 그 성질
8914,삼각형의 합동 조건(SSS 합동)
8931,평행사변형이 되는 조건의 응용
8933,수렴
8934,극한값 또는 극한
8935,$x\to\infty$일 때의 함수의 수렴
9021,두 직선의 평행
9022,두 평면의 평행
9044,다각형
9045,변
9049,정다각형
9050,삼각형의 세 내각의 크기의 합
9051,삼각형의 내각과 외각 사이의 관계
9052,대각선과 그 개수
9053,다각형의 내각의 크기의 합
9054,다각형의 외각의 크기의 합
9055,원
9057,현
9058,부채꼴
9060,활꼴
9061,할선
9062,부채꼴의 성질
9063,원주율
9064,원의 둘레의 길이와 넓이
9065,부채꼴의 호의 길이와 넓이
9066,부채꼴의 호의 길이와 넓이 사이의 관계
9067,다면체
9068,각기둥
9069,각뿔
9070,각뿔대
9071,정다면체
9072,회전체
9073,원뿔대
9074,회전체의 종류
9077,각기둥의 겉넓이
9078,원기둥의 겉넓이
9079,각기둥의 부피
9080,원기둥의 부피
9081,각뿔의 겉넓이
9082,원뿔의 겉넓이
9083,뿔대의 겉넓이
9086,뿔대의 부피
9090,정다각형의 한 내각의 크기
9091,정n각형의 한 외각의 크기
9095,각뿔대의 밑면
9096,각뿔대의 옆면
9097,각뿔대의 높이
9098,정다면체의 종류
9099,회전체의 전개도의 성질
9100,함수의 수렴 (x가 한없이 작아질 때)
9110,함수의 극한값 구하는 방법-부정형의 극한값
9111,미정 계수의 결정
9120,도수분포다각형
9121,히스토그램의 특징
9122,도수분포다각형의 특징
9123,상대도수
9124,상대도수의 분포표
9126,상대도수의 분포를 나타낸 그래프
9147,함수의 극한의 대소 관계
9148,연속
9150,구간
9151,연속함수
9153,연속함수의 성질
9154,최대·최소 정리
9155,사잇값의 정리
9156,사잇값의 정리의 활용
9157,평균변화율
9158,미분계수
9159,상수항
9160,계수
9161,다항식
9162,단항식
9163,지수함수의 그래프의 대칭이동
9164,다항식의 차수
9165,일차식
9166,일차방정식
9167,일차방정식의 활용-자릿수에 대한 문제
9168,일차방정식의 활용-증가와 감소에 대한 문제
9169,"일차방정식의 활용-원가,정가에 대한 문제"
9170,일차방정식의 활용-일에 대한 문제
9171,"일차방정식의 활용-거리, 속력, 시간에 대한 문제"
9172,일차방정식의 활용-소금물의 농도에 대한 문제
9181,변수
9182,로그함수의 그래프의 대칭이동
9184,정비례 관계의 식
9185,정비례의 성질
9186,반비례 관계의 식
9187,반비례의 성질
9190,정비례 관계(y=ax)의 그래프 그리기
9192,반비례 관계(y=a/x)의 그래프 그리기
9193,미분계수의 기하적 의미
9194,미분 가능성과 연속성
9195,도함수
9196,미분법
9197,함수 y=x^n(n은 양의 정수)과 상수함수의 도함수
9198,"함수의 실수배, 합, 차의 미분법"
9199,함수의 곱의 미분법
9200,미분 가능할 조건
9201,미분과 나머지정리의 관계
9202,"피타고라스 정리 확인하기, 유클리드의 방법"
9207,접선의 기울기
9208,접선의 방정식
9209,"접점의 좌표 (a,f(a))가 주어진 경우 접선의 방정식을 구하는 방법"
9210,기울기 m이 주어진 경우 접선의 방정식을 구하는 방법
9211,"곡선 밖의 한 점 (x_1,y_1)이 주어진 경우 접선의 방정식을 구하는 방법"
9215,롤의 정리
9216,평균값 정리
9217,함수의 증가
9219,함수의 증가와 감소의 판정
9232,어림셈하여 몫의 소수점 위치 찾기
9235,극대와 극댓값
9238,극값과 미분계수
9239,미분가능한 함수의 극대의 판정
9244,함수의 최댓값과 최솟값
9245,극값을 갖는 x의 값이 하나뿐일 때 연속함수의 최댓값과 최솟값
9498,평행선과 삼각형의 넓이 사이의 관계
9516,피타고라스 정리 확인하기; 윌리스의 방법
9518,피타고라스 정리 확인하기; 피타고라스의 방법
9519,삼각형의 내각의 이등분선의 성질
9527,직육면체와 정육면체의 공통점과 차이점
9539,등비수열의 합이 될 조건 - 등비수열의 합
9540,등비수열의 합이 되기 위한 조건
9541,수열의 합을 이용한 일반항 구하기
9557,그림그래프로 나타내기
9590,여러 가지 그래프
9592,평행선의 작도
9637,점 P의 평균 속도
9660,삼각형의 합동조건(SAS합동)
9661,삼각형의 합동조건(ASA합동)
9728,제곱근의 나눗셈
9743,곱셈 공식을 이용한 두 수의 곱의 계산
9745,곱셈 공식을 이용한 근호를 포함한 식의 분모의 유리화
9746,원뿔대-밑면
9747,원뿔대-옆면
9748,원뿔대-높이
9786,줄기와 잎 그림의 특성
9796,도수
9797,도수분포표
9811,완전제곱식
9812,a^2-b^2의 인수분해방법
9829,공통부분이 있는 다항식의 인수분해
9831,식의 값
9832,인수분해를 이용한 이차방정식의 풀이
9846,계수가 유리수인 이차방정식의 근
9852,포물선
9856,"이차함수의 그래프와 x절편, y절편"
9921,"$0도, 90도의 삼각비의 값"
9923,사각형의 넓이
9924,평균
9927,원의 접선의 길이의 성질
9928,원주각과 중심각의 크기
9931,분모가 같은 분수의 나눗셈 (분자끼리 나누어질 때)
10168,인수분해 공식(1); 완전제곱식이 될 조건
10169,인수분해
10170,공통인수를 이용한 인수분해
10174,a의 제곱근과 제곱근 a
10180,이차방정식의 근의 공식 (짝수 공식)
10181,이차방정식이 중근을 가질 조건
10182,이차방정식의 해(근)
10183,이차방정식을 푼다
10190,삼각형의 넓이; 끼인각이 둔각인 경우
10195,삼각형의 높이; 주어진 각 중 한 각이 둔각인 경우
10196,상관관계의 종류
10311,절댓값 기호를 포함한 식의 그래프(2)
10313,평행사변형의 둘레
10319,절댓값 기호가 포함된 함수의 정적분
10328,마름모의 둘레
10329,1cm^2
10330,"직사각형,정 사각형의 넓이 "
10332,1m^2
10333,1m^2와 1cm^2 사이의 관계
10335,1km^2와 1m^2 사이의 관계
10393,역함수와 넓이의 관계
10395,직육면체의 전개도
10396,평균
10397,여러 가지 방법으로 평균 구하기
10398,평균 비교하기
10399,평균 활용
10400,가능성과 가능성의 정도
10401,일이 일어날 가능성을 비교하기
10402,일이 일어날 가능성을 수로 표현하기
10403,직육면체의 부피 비교
10404,1cm^3
10405,부피가 1cm^3인 쌓기나무의 수를 세어 직육면체의 부피 구하기
10421,어느 방향에서 보았는지 알아보기
10568,각의 이등분선의 성질
10569,원의 점선과 접점
10572,삼각형의 외각의 이등분선의 성질
10573,평행선과 삼각형의 넓이의 응용
10590,항이 $4$개인 식의 인수분해방법
10591,(  )(  )(  )(  )+k 꼴의 식의 인수분해 방법
10603,비율이 사용되는 경우 - 넓이에 대한 인구의 비율 알아보기
10604,백분율이 사용되는 경우 - 득표율을 백분율로 나타내기
10605,그래프 해석하기
10606,원그래프를 보고 해석하기
10607,이차방정식의 근의 개수
10608,두 근이 주어졌을 때 이차방정식을 구하는 방법
10609,이차방정식의 활용 문제 푸는 방법
10615,정삼각형
10618,둔각삼각형
10624,"서로 다른 세 점을 알 때, 이차함수의 식을 구하는 방법"
10741,실수와 수직선
10744,분배법칙을 이용한 근호를 포함한 식의 분모의 유리화
10745,공통부분이 있는 다항식의 전개
10747,"위, 앞, 옆에서 본 모양을 보고 쌓은 모양과 쌓기나무의 개수 구하기"
10749,쌓기나무 4개로 만들 수 있는 서로 다른 모양 알아보기
10752,비례식의 활용
10766,$x$축과의 교점에 따른 이차함수 y=ax^2+bx+c의 그래프
10769,각의 크기에 따른 삼각비의 값의 대소 관계
10777,분모를 유리화하는 방법
10778,$(   )(   )(   )(   )$ 꼴의 다항식의 전개
10784,원의 접선과 각의 크기 사이의 성질
10806,다항식의 정리 방법-오름차순
10812,수치대입법
10814,이차방정식
10815,완전제곱식을 이용한 이차방정식의 풀이
10816,근의 공식을 이용한 이차방정식의 풀이
10817,이차방정식의 근의 판별
10819,선분의 길이
10821,입체도형
10834,점과 평면 사이의 거리
10837,삼각형이 하나로 정해지지 않는 경우
10838,대응
10841,정다각형의 한 내각의 크기와 한 외각의 크기의 비
11186,규칙을 찾아 원 그리기
11214,각도기로 각도 재기
11235,직각 삼각자를 사용하여 주어진 직선에 대한 수선 긋기
11236,각도기를 사용하여 주어진 직선에 대한 수선 긋기
11238,직각 삼각자를 사용하여 주어진 직선과 평행한 직선 긋기
11239,직각 삼각자를 사용하여 한 점을 지나고 주어진 직선과 평행한 직선 긋기
11241,평행선 사이의 거리가 ■ cm인 평행선 긋기
11253,이야기를 읽고 막대그래프로 나타내기
11254,막대그래프를 보고 이야기 만들기
11265,글을 읽고 꺾은선그래프 그리기
11269,천만 단위까지의 수 알아보기
11270,천억 단위까지의 수 알아보기
11271,천조 단위까지의 수 알아보기
